ShipName,MMSI,Draught,Length,Width,VesselType,CPATime,CPADist,meanSOG,SLtot,TO_SL_25,TO_SL_31_5,TO_SL_40,TO_SL_50,TO_SL_63,TO_SL_80,TO_SL_100,TO_SL_125,TO_SL_160,TO_SL_200,TO_SL_250,TO_SL_315,TO_SL_400,TO_SL_500,TO_SL_630,TO_SL_800,TO_SL_1000,TO_SL_1250,TO_SL_1600,TO_SL_2000,TO_SL_2500,TO_SL_3150,TO_SL_4000,TO_SL_5000,TO_SL_6300,TO_SL_8000,TO_SL_10000
TANGLEWOOD,368220970,0,20,6,Private,5/19/2024 8:13,1066.53871,8.446942772,116.395924,99.22885582,95.81224955,94.85914674,93.71721689,93.95593297,94.76922625,95.71458251,96.18604572,98.11338401,99.73206803,100.8712511,102.5640162,104.8040284,106.4435627,107.1166491,107.2055546,106.8896978,105.9730169,104.6317798,102.8889011,100.6784431,98.7977744,98.69535982,97.85991112,96.39998948,95.57752522,94.69744587
ZAANDAM,246442000,8,238,33,Cruise,5/19/2024 7:41,1695.055573,16.33392878,131.7905335,119.6695264,123.9287041,119.8666985,117.8887671,119.086856,112.7529365,107.1089525,107.7350262,109.888854,111.875847,113.0028469,114.965258,117.5281211,118.9165982,119.9411302,120.0613917,119.7970049,119.0317262,118.9449787,117.2974552,115.1375986,113.5376797,113.2027377,111.6024968,111.6678352,113.422985,117.4153925
VIKING ORION,257034130,6.8,228,34,Cruise,5/20/2024 7:33,1078.039834,18.42458472,121.3024174,108.3724092,112.8974427,108.847155,116.8255891,111.9785497,111.7078078,105.4975967,100.2244588,98.53737925,99.23910854,100.7755103,102.0765818,102.5436461,102.170256,102.6009766,103.0645862,102.2993172,101.0239424,99.07816847,96.24555929,93.78712774,93.03090058,93.14647397,92.55691249,92.0332994,94.01336752,97.19158626
WILDERNESS DISCOVERE,367480140,2.5,52,11,Tour,5/20/2024 10:37,465.346075,9.530529595,114.0988086,106.7985047,104.7778887,102.4511893,100.6263964,99.47544489,101.5060305,98.00753861,97.24464959,97.85610338,97.16723957,97.61542524,98.58212244,99.36706749,100.4022338,100.9379194,101.1097797,100.6362,99.72445063,98.47771487,96.63069096,94.72492729,93.74673664,93.41102666,92.23343744,91.10664013,91.61001283,91.81945262
ROYAL PRINCESS,310661000,8.6,330,38,Cruise,5/23/2024 8:05,1045.21403,18.105721,125.6399003,115.4814263,124.3285706,110.2115447,110.6196976,108.3301247,104.6430111,101.9202492,99.16440512,99.84796635,99.8179008,101.5078402,102.0269686,102.1394014,99.44101804,96.90927676,97.68135669,95.81194659,96.08053378,96.34469604,96.13168555,96.70877739,98.86754704,100.3772324,100.9998204,102.0187151,104.9140175,108.8072361
BARANOF WIND,367365630,1,23,10,Tour,5/24/2024 9:11,595.266555,9.368216539,128.4996885,96.36548269,97.18824362,94.14592061,105.3822314,108.0953036,115.9685298,127.7310084,114.3440539,111.5651404,109.1929162,99.66323253,98.28728138,97.78793805,100.1647863,101.9986441,103.3073058,103.9384762,103.2578407,101.4013596,97.38831441,94.96432022,93.41919904,90.58865933,91.3450378,86.5715351,84.81970741,79.69539559
NIEUW AMSTERDAM,246648000,8.1,285,32,Cruise,5/24/2024 7:40,1053.804399,17.46473588,128.847184,117.0914511,124.1419449,124.0325843,120.4048598,115.2642807,104.5444912,102.6004595,101.5725451,101.3933444,102.6108938,104.0272317,104.0790369,105.1361729,107.0032785,108.0354887,108.0911067,107.5406888,107.2220767,107.4027932,103.8258772,101.9453389,101.0962935,99.19076542,99.50970974,96.18386593,93.8315399,90.64306091
WILDERNESS LEGACY,367578110,3,64,12,Tour,5/24/2024 3:02,447.9135745,10.08201893,120.7229408,96.69376592,94.86010661,94.5970993,98.42213718,106.2375207,119.601959,110.751658,102.5377549,97.45908557,95.84783842,96.01588499,96.28940681,97.48459241,98.45161359,99.10253522,98.95405011,98.54499482,97.71310608,96.53217559,94.77230412,92.63491517,90.54494977,90.10248977,88.45306441,84.96934411,83.86339247,82.4081688
BARANOF WIND,367365630,1,23,10,Tour,5/26/2024 9:08,689.0117762,20.72661996,133.4242361,106.8249121,104.6596395,101.5974083,107.4526112,109.6935596,120.4608846,132.8256404,118.403497,114.6336961,112.3540306,104.9686045,104.3271691,104.3508525,105.5979546,106.4393881,106.3129132,106.0190813,104.7866748,102.4471525,99.96256226,98.32267219,96.96939837,93.99941777,91.26433083,90.3561444,89.56944919,90.01940713
BARANOF WIND,367365630,1,23,10,Tour,5/29/2024 9:56,834.4226178,15.08420189,137.2385666,98.69952374,100.4726596,98.476693,108.9674664,113.5661061,115.3523285,132.4687991,119.524303,119.558885,116.374429,110.9272818,112.3800922,114.9323508,118.3518846,121.3077258,123.1138948,124.1628191,123.8545581,124.904229,124.2708839,123.3688429,122.8669217,123.1990859,122.7019939,123.0699736,124.2606376,126.1650824
BARANOF WIND,367365630,1,23,10,Tour,6/2/2024 9:52,543.5460277,21.62373887,134.3063817,101.6232975,100.5218015,98.01441712,109.5813014,109.008322,113.5653593,134.1029016,116.8448061,113.6215691,106.0696596,98.40470893,97.25304738,97.3941863,97.64853457,97.57837608,97.55793681,97.27897911,95.34602651,93.36287583,91.07133587,88.83169939,86.83731487,85.51642497,84.89325457,84.45457724,82.67284205,81.79093575
ZAANDAM,246442000,8,238,33,Cruise,6/2/2024 7:43,1014.676973,15.15357143,123.7086764,119.5181493,113.7586448,112.1992903,117.8399001,110.8085935,107.2431818,101.9822449,102.3318479,102.4071063,101.4425826,102.2234417,103.5651721,104.348875,104.4230678,104.3059148,103.602364,102.5985491,101.1200534,99.41340074,97.3151062,95.57750525,94.21204821,93.61870374,91.91701663,91.69636036,91.98484472,92.89739262
BARANOF WIND,367365630,1,23,10,Tour,6/13/2024 9:36,333.566534,22.3,131.3825456,107.9018785,106.3656132,103.5946072,112.4106853,111.9239025,106.7642141,130.9003991,113.7154526,117.9140709,107.7807646,99.82965097,97.47497999,93.77848725,93.43316986,92.9758394,91.74332576,89.78096485,86.77827183,85.56465843,83.15358061,80.50053551,78.13750384,76.24216995,72.48383935,69.07751227,67.07290515,66.74206945
ALASKAN DREAM,367489250,1.5,30,12,Cruise,6/15/2024 11:39,882.5094504,12.51830065,123.6007028,115.3357118,113.5602849,111.3123761,109.5155223,109.0632869,107.8721743,108.523371,120.4054937,109.4330469,102.4075026,100.4277335,99.90152904,100.6476717,100.6130121,100.3072243,99.30440223,98.02036566,96.60562626,94.45098929,91.94695867,90.02158912,88.08785241,86.95939748,85.48869836,84.39357278,84.23467255,84.72437387
NAT GEO QUEST,366945000,3.8,73,15,Tour,6/14/2024 17:30,1653.800189,10.79671875,121.812261,95.38216471,97.6574346,101.8054755,97.14571646,105.5676851,111.9288229,118.4434413,110.5077462,99.50156593,101.5644512,100.0278315,101.2005645,102.381838,103.4641111,104.2857922,104.3852978,103.8802213,102.7498512,101.5773776,99.82292809,98.68289412,100.2477883,99.52428018,100.7724262,102.7659379,106.3787679,112.4629471
AMER CONSTELLATION,367764750,2.8,82,17,Cruise,6/19/2024 11:29,641.5827763,13.12980973,113.3634628,103.1008101,98.80893676,108.6923088,99.49648596,98.88967296,104.256365,102.633124,98.80967617,95.90712815,95.39538846,97.56212926,98.11776835,97.33284293,95.33796683,93.43738278,94.96740731,93.74321107,89.96530714,87.09841207,85.95347067,89.00342167,90.37202459,88.07207998,85.08470127,85.56072595,95.84888832,88.09094461
SEA WOLF,367085000,NaN,30,6,Private,6/18/2024 19:57,133.2269003,8.564501975,104.5061477,92.4634803,99.56806526,100.3479031,86.75997057,96.21603502,89.86552827,82.92609123,84.19121948,76.0200746,72.97410831,72.43223269,73.78274427,75.50014891,76.76655053,77.3452371,76.78958946,76.69861099,78.24927726,75.59732515,73.31811685,70.92871871,69.45032158,67.00503803,61.69843877,58.4832909,55.93813052,52.29121169
BARANOF WIND,367365630,1,23,10,Tour,6/21/2024 9:25,882.3062719,21.45078597,135.8944452,119.8617037,117.7352916,116.0973673,115.5385717,114.5517825,118.1438271,135.3401794,116.9627597,117.8926614,111.7180369,104.8887342,102.8883489,101.465698,100.7895006,100.408562,99.92208097,99.21280216,97.99488228,96.31884272,94.4339143,93.10762576,92.65013229,93.34453659,90.47825457,89.57592938,90.30221257,92.2256738
WILDERNESS LEGACY,367578110,3,64,12,Tour,6/21/2024 14:49,1430.41016,11.32613574,128.5830624,121.6125678,120.0828689,117.8803007,116.3983562,116.3278116,118.5600376,117.9219422,114.7289327,111.5403493,109.3069184,109.0825499,109.3806275,110.184582,110.5833218,110.9258808,111.1480637,110.800834,109.5484157,107.9928535,106.3098812,104.8873764,104.2318192,105.0614363,105.2224341,105.4656693,108.3207727,113.4836896
BARANOF WIND,367365630,1,23,10,Tour,6/23/2024 9:36,351.3126913,21.76559527,134.228604,101.2076738,102.8615985,99.36549677,110.3410516,116.2241102,112.1660735,133.8116676,118.5073449,118.8154065,111.2833425,103.6085945,100.9443387,99.94280173,99.96589588,99.76563334,98.55472873,97.26752541,94.61664959,93.45077783,91.27207208,89.26527746,87.68308865,85.73083173,81.75068176,77.58719352,72.40397892,64.72101369
BARANOF WIND,367365630,1,23,10,Tour,6/28/2024 9:52,511.7183855,14.39541885,137.1005691,105.0181996,108.4955653,102.9952685,115.3696661,118.4966044,111.891274,136.5794808,120.2318542,124.1175246,117.1069289,108.5647368,106.8681065,105.6446698,105.8340093,105.7104754,105.1380819,103.6672955,100.5650252,98.8394038,96.66858092,94.7458711,94.21584158,93.13902935,89.57608857,85.60617665,82.49418768,76.01556279
BLUE PEARL,338149652,2,22,6,Private,6/28/2024 19:09,443.4891633,8.525935829,116.211011,87.17799634,91.74508595,105.2838785,98.04199069,100.7111371,114.5890281,98.99516267,100.7318653,100.217904,96.81062382,94.84846496,92.07609045,93.11427964,94.45272011,92.88794536,92.18809771,90.92154735,89.11596968,87.59883147,86.40821305,90.25293733,96.2700621,102.0263706,95.61592558,82.06426577,72.5284742,70.75954827
NORWEGIAN SUN,311109000,8.3,259,32,Cruise,6/29/2024 7:53,1964.828466,17.64268293,139.6569781,128.9285357,115.9332684,114.214446,116.5123465,116.7845507,112.008641,110.7316249,110.8131957,112.6914734,116.539149,118.6857849,121.6510139,125.4090057,128.2228849,129.87057,130.577365,130.2594352,129.337543,127.3863253,125.0214093,122.3823548,119.9956717,119.7303447,120.2957977,121.3361769,125.2547355,130.5000018
ST ELISABETH,368107060,0,25,8,Tour,7/2/2024 10:40,187.9424065,27.16530612,117.8089003,96.16911038,100.7047443,98.49848958,102.7408977,106.315331,103.3631287,115.2952685,107.3513675,105.8935006,104.9962901,97.66352487,96.68373118,96.72186911,96.83831282,97.01413258,96.12143307,93.23657766,88.99680244,88.97786898,87.69946033,85.33278906,84.2289135,81.3740259,77.62523707,73.63331465,66.28513703,56.97381953
YOFI,368200830,NaN,10,4,Private,7/2/2024 13:48,538.5917003,7.81082131,110.9220606,95.48220711,105.3859553,95.65411408,98.40591742,95.51523988,93.61506772,101.4246541,93.92152063,93.02391888,92.22942198,94.26428418,96.3324011,96.7693007,97.08429907,97.28912925,96.89782975,96.40213214,95.15486976,94.48526973,96.38272067,95.55258956,92.03135068,88.68473879,88.50971938,84.71136407,81.928588,79.8719653
DREAM II,368089270,NaN,8,2,,7/3/2024 14:22,1425.082207,2.6,120.2946445,107.0102511,99.22203784,97.84359422,109.809034,102.663736,93.50465198,94.87397189,91.23511769,92.1211829,90.99400154,90.14205504,92.21376972,92.1979618,93.13308145,93.61650132,93.78678783,92.9992031,91.23261677,89.44265057,91.40416588,98.65853748,104.7065308,110.6405269,109.538428,106.8798572,114.7731917,114.3701507
ST JUVENALY,367117530,1,24,8,Tour,7/3/2024 10:01,188.2565351,22.84588235,116.9160385,95.45645032,112.1188228,99.70625065,102.4045138,108.7011649,101.2603941,111.6482528,100.5001571,99.10739154,97.72041009,99.12981557,98.36919753,97.75238509,99.16883461,96.5059806,93.62286837,90.92171079,89.83660735,88.08691934,84.69174595,81.36360285,78.40283276,75.82095606,76.20487024,71.73656186,66.90440144,65.30402646
ST JUVENALY,367117530,1,24,8,Tour,7/5/2024 9:18,482.2233855,23.2536,120.1842331,103.8928386,116.4366591,102.906691,104.9013065,109.108542,102.9412333,112.0775589,105.4574067,104.961702,102.8938707,101.4912802,100.5435048,101.0147206,102.4121723,103.3245356,103.9219557,103.9115109,103.1653114,101.2886873,98.97823765,97.04819902,94.12090071,92.01931304,89.8786429,87.46727389,85.705407,83.85835362
WILDERNESS LEGACY,367578110,3,64,12,Tour,7/5/2024 15:25,1924.713702,11.185569,136.6469233,112.8662817,111.4355121,109.8822683,110.9761923,112.9434127,116.4329605,117.7859257,114.0037841,114.8669727,116.5659457,118.2672558,120.0997028,122.191619,124.2279177,125.659721,126.1569969,126.1943574,125.4471062,123.6481961,122.2251977,120.9831,119.4561362,118.824676,118.9545106,120.3789564,124.2151799,130.2220452
ST PHILLIP,367181870,2.4,24,8,Tour,7/6/2024 11:30,212.779473,24.62449568,118.5810789,99.48002139,101.7165688,99.82313673,105.2821574,105.6779043,103.0259766,114.422264,108.3232007,107.82837,109.9547561,101.3700774,101.163965,100.4474435,100.0780222,99.14047714,96.96755672,95.60891275,102.1468457,93.65964404,94.09616346,93.61180342,95.46474534,88.13939975,79.82700412,75.18125717,70.55174843,58.57182726
GRAND PRINCESS,310327000,8.7,290,36,Cruise,7/8/2024 7:46,1952.700245,16.8,126.807827,108.8690608,117.87093,113.6713587,109.0948829,110.9282009,106.795851,111.6395173,112.3360593,119.7889308,107.2805563,107.8067019,107.6236067,108.1484916,109.3387926,110.0249496,109.5945714,109.7292183,110.4931715,109.7762826,108.2587536,105.2495476,104.9182253,104.4591534,104.7290514,106.3798944,112.4438595,120.5169917
CAPELIN,369970398,0.8,9,3,NPS,7/9/2024 14:15,732.9963283,21.56111111,111.0337599,92.3705232,98.57920391,94.74439623,95.50683906,96.04761478,107.7803837,98.2747377,95.05608521,94.16308998,93.78411384,99.90088243,94.67046328,91.56131387,90.69524265,90.36610312,88.96310789,88.69959156,88.5342198,88.6513899,88.62168338,88.92498115,89.84221068,90.79893659,90.66051567,92.09602074,94.18538102,96.03704684
MAGIC MOMENT,368108920,NaN,NaN,NaN,Private,7/10/2024 11:54,733.0889198,8.008695652,116.8085718,93.91741165,94.77265216,98.05901907,95.96337218,108.0582219,110.8519164,105.8807765,112.5368133,97.39094238,96.53766483,97.85124877,98.71974888,96.85247895,98.00758587,97.21990886,95.50908014,94.11749513,92.89917485,91.18607947,89.73155486,90.33993245,89.78034081,90.15408193,90.03053301,90.46669731,91.66079361,94.92368428
MINERS DEBT,367308410,NaN,NaN,NaN,Private,7/10/2024 11:53,1348.186883,8.337840785,151.4599498,106.4938397,105.7621949,106.5303044,104.2534384,113.744881,118.23443,114.539291,123.489681,109.0966694,108.1180379,109.948231,114.0511239,118.0169706,124.7805972,130.627192,135.2647633,138.9500273,140.0629552,142.3066472,142.6240475,144.3361367,141.6985465,140.8065601,140.0857104,138.1150953,137.7674273,136.7562445
NORTH STAR,367402080,NaN,17,5,Private,7/10/2024 11:54,1073.545757,7.581403509,160.2278079,105.0515691,103.9602568,104.4604737,102.2910566,112.633407,117.0027231,112.6547306,119.9280609,107.9656424,105.5873582,106.955497,109.6198043,112.7573739,118.2087474,123.2116509,126.0207859,130.2970798,135.1450021,136.4324102,139.6901256,149.8649998,154.5661782,144.9156018,144.5146976,156.2841538,147.5848691,150.4187681
SEA WOLF,367085000,NaN,NaN,NaN,Private,7/10/2024 13:25,319.6528166,6.835294118,113.1673453,93.28426199,103.074646,95.30006305,89.34207249,94.36884553,91.20461769,97.82023817,104.9869821,99.5882245,90.53485117,92.05084162,92.42282088,94.67532815,96.81464928,99.05530098,100.7241556,101.7060765,101.7704334,100.9761613,101.2112954,100.0806628,101.9979555,97.72734127,95.67916485,95.79321316,92.2994822,90.60772365
MOGAMBO,319510000,3.7,74,12,Private,7/11/2024 13:08,766.7667095,13.25490196,130.2130796,93.56912888,95.76819053,94.74710956,95.62293846,95.90090879,96.05390946,97.12198983,97.75431893,98.09611256,99.00357741,101.4653914,104.8602577,108.4126108,112.8093065,116.7323221,120.0126068,122.196257,122.4880216,122.0009443,120.7548833,118.6874349,116.9057442,116.1856743,114.3769176,112.744342,112.5822116,112.6154879
ST JUVENALY,367117530,1,24,8,Tour,7/11/2024 9:05,464.9178279,23.18313953,126.3795895,99.05250416,113.7043351,100.8395382,103.5057789,109.0829472,103.6914672,115.6952584,109.8517403,108.2668945,105.010935,103.5539515,101.6262508,103.0186024,106.2118486,106.122046,108.5576371,111.7501196,122.2563745,116.9457589,115.8215397,112.8666944,111.4604238,108.7365175,102.2839718,103.1327825,104.0842398,97.41023995
ST JUVENALY,367117530,1,24,8,Tour,7/12/2024 9:44,185.2245685,21.58674076,119.023446,96.36906932,112.275411,99.93449989,102.8370369,109.0184399,104.4313037,115.1594763,106.4273314,104.8734971,100.9660863,100.3339492,98.14242468,97.80686634,99.40609782,99.29429333,99.10678557,98.29598599,96.06573511,95.30370613,95.03009479,93.34992193,92.48277294,91.29006149,89.33202344,87.7828529,86.60153614,85.73672351
DAMN NEAR,368310280,NaN,13,4,Private,7/13/2024 14:47,452.9217587,5.708910891,101.9790962,91.549738,90.71573531,90.49664596,89.33522704,89.4943497,86.50862107,84.79488551,83.52089278,84.44222817,85.11302452,85.71280431,86.33641968,86.74696058,88.02802519,88.9061857,89.24177893,89.17976176,88.37119656,87.12448582,86.06830424,85.52187833,85.21964422,85.31293639,84.94528454,85.59296378,87.98777144,86.25838388
ST JUVENALY,367117530,1,24,8,Tour,7/14/2024 9:42,90.3313013,22.9125,116.6233344,95.070348,112.6874592,97.47345023,101.499368,106.858881,100.0081463,110.8883802,99.88275099,98.92182086,97.41891729,98.50650728,97.87379204,97.70792981,99.31968096,98.24760606,96.88441668,94.41606595,92.32624656,90.17431801,87.91022656,85.80828283,84.23647902,83.22360585,81.68464262,80.72140341,80.60253612,78.32209728
CROWN PRINCESS,310500000,8.8,290,50,Cruise,7/15/2024 7:50,1842.999663,15.45886748,138.2525887,117.7508968,113.9288184,113.725618,113.3008551,112.6449597,109.242918,108.6935098,108.3624686,109.9140784,108.2119365,108.0897091,108.6972819,108.2716824,109.0139548,110.132894,111.2591197,112.3571408,113.2830593,113.9703262,114.5347835,115.0396072,116.1863191,117.7618144,119.390991,122.5462602,128.5550361,137.1931496
ST JUVENALY,367117530,1,24,8,Tour,7/15/2024 9:36,90.01976646,21.35443548,116.6772871,93.21949698,113.2379998,97.81096186,100.8901049,106.4447742,98.74804882,111.3279783,100.5520617,97.44820639,95.41146831,95.78492636,95.76017368,95.51881796,96.36121018,95.41780432,94.09556772,91.462344,88.68905194,88.15105753,86.68604165,87.08209648,84.94365133,84.01754226,82.77240949,81.5438654,80.20460581,79.66314389
ROYAL PRINCESS,310661000,8.6,330,38,Cruise,5/21/2025 14:12,1199.270923,19.1745098,134.2196419,121.7789203,133.0964344,123.3766925,116.7999157,116.145475,115.5959059,112.6208394,109.8845179,106.8426815,106.6372359,109.1737049,110.1219847,110.2476526,108.5070106,107.9077614,107.8588189,107.0638041,106.0037731,104.7501988,103.316421,102.1905531,101.2452341,100.4619432,99.76194585,99.35489699,100.167306,101.6629789
KONINGSDAM,244830547,8.2,299,40,Cruise,5/21/2025 14:37,1200.924421,16.85983333,127.9599528,121.2597029,121.9487192,116.6023846,120.3834126,119.960245,112.2028296,111.330478,109.4461564,105.7948937,104.1391096,103.8570465,104.6703964,105.8930087,105.9771996,105.6451573,105.3863462,104.7563186,103.7083752,102.3920669,101.0603744,101.2527681,101.4453536,100.8783062,98.09026192,97.70116123,98.44500038,99.45623141
QUEEN ELIZABETH,310625000,8,294,36,Cruise,6/7/2025 14:19,1285.692371,18.78470744,131.6424475,114.8975987,125.5884315,121.3964429,127.1677501,125.6312948,112.9069375,110.6055207,105.072191,100.9620261,98.25612156,94.89684549,94.94043462,94.72981376,94.58410895,93.80394017,93.24563787,92.1751193,91.69888363,91.37680794,91.02145985,90.96309583,91.45742578,91.96119666,92.95154469,94.76605669,98.08456625,103.2858116
ZAANDAM,246442000,8.1,238,33,Cruise,6/15/2025 14:30,1250.895037,16.44640523,132.4444417,119.1976574,129.0174586,123.2815112,127.2993962,119.7947368,111.9339207,103.97952,100.7404796,97.49573947,94.72423694,95.27969143,96.83652688,97.72649858,97.91240744,97.96100943,97.76419106,97.15677438,96.56490574,95.26206534,94.30415793,97.86674965,100.2184823,93.86657437,92.20384489,92.60211101,100.0730592,101.8433575
SERENDIPITY,367114220,NaN,15,4,Private,6/20/2025 8:14,782.7392945,8.59361967,114.8034657,95.33770714,93.12528762,94.92964828,92.74750998,96.32024406,108.0148543,96.36243739,110.6164148,98.00332277,99.4013502,97.56621661,97.67979856,98.11649132,97.83504179,98.47052549,99.62262584,99.93287166,99.34162283,97.86575479,97.24162674,96.30126882,95.47093025,94.66046158,94.05284001,93.24213617,92.89778233,93.15866324
SANDLANCE,338197356,0.5,6,3,NPS,6/20/2025 13:25,758.7907691,11.77413793,110.9024487,93.9586946,97.65993649,92.47525272,94.64062651,94.00641228,96.16411853,108.6733689,101.1155764,91.34358531,92.72101013,89.87643786,96.09222,94.22597789,93.13759452,91.95041533,90.57231658,87.20849391,82.23616072,77.26352151,74.46078754,79.05668315,70.8718851,74.49233096,83.43474387,74.94049228,57.16668015,66.96429403
SERENDIPITY,367114220,NaN,15,4,Private,6/22/2025 12:43,765.9679833,9.62,105.795872,92.49130588,90.56634798,90.64175616,89.75712026,88.07835127,99.90131039,86.01937078,102.6315672,90.65892766,92.36375751,82.22420279,81.4470326,80.27162617,80.95825834,81.67270119,80.77065327,77.94811517,74.5287679,72.77038531,68.78273729,64.44899242,60.36587166,53.35000011,54.18802304,56.55318487,59.55854878,63.9194284
SAFARI ENDEAVOUR,338423000,2.5,NaN,NaN,Tour,7/2/2025 1:58,776.0497506,10.70793865,123.5272306,99.77475976,105.8923536,103.132457,105.7867404,104.1705099,122.8872238,107.9293499,106.46513,106.4252901,94.93060378,94.2360069,95.25726863,95.88601805,95.46472504,94.17868729,92.63803673,91.48669947,89.59082191,87.76587247,86.31438941,85.08694006,83.80289016,82.57924244,81.37350018,80.22988172,79.20025491,78.88231611
MAKAI,316049575,NaN,9,3,Private,7/2/2025 16:22,304.4004556,27.053125,106.9120666,85.15850709,96.36612765,90.1284587,89.20083192,92.18453328,97.73555153,100.1186547,100.8281319,91.72671447,93.13064373,90.9586521,93.00441453,92.76732194,90.79886359,87.63425146,87.31434574,87.47232477,85.36179389,83.70296309,82.15537088,81.09673318,78.9302604,77.11720852,74.81266774,72.33399107,70.84441661,66.81584923
SAFARI ENDEAVOUR,338423000,2.5,NaN,NaN,Tour,7/2/2025 18:23,766.1198566,8.684399529,117.146039,93.98712384,106.1058507,94.87587436,99.25232565,113.5152341,107.7298251,110.2637329,106.3018805,99.96116064,95.40133037,92.98180687,94.13674824,95.55757813,95.81464666,93.4650566,89.84566511,87.69806395,86.10762969,84.50898937,82.37167736,81.81409683,83.52801811,78.57552464,77.4242605,76.64390958,76.74887531,76.76667836
BARANOF WIND,367365630,1,23,10,Tour,7/5/2025 14:24,674.2122582,24.3,136.0196224,109.3111513,107.8266036,110.2086852,111.2617699,122.3615144,119.8120844,135.5578469,113.3644313,117.887014,108.5067366,103.4716982,102.3470075,100.272991,97.87660387,95.69906325,93.98356717,91.68608257,89.35049667,87.16485864,84.6339168,82.61507174,82.25193811,79.44342059,76.52000813,77.83599647,85.15157699,80.03173746
ALASKAN KUSTI,338475943,NaN,16,6,Private,7/5/2025 14:51,1093.38806,25.65702479,120.2698148,112.2915392,111.1218894,110.6484568,107.5578581,111.0328881,107.1810734,113.0849525,107.5388898,101.2209855,103.2585493,107.6530671,103.5475607,100.5682052,99.58867476,96.92311505,97.87901137,93.70140875,89.03601721,86.5168476,83.3461269,79.94613517,82.16117984,78.76225633,76.95903248,81.27123151,90.48278316,86.16855253
SAFARI ENDEAVOUR,338423000,2.5,NaN,NaN,Tour,7/6/2025 5:34,789.2863849,7.101176626,114.7969283,94.29372865,103.997002,104.477134,98.46526184,103.7687965,112.4590154,99.60722473,102.4547021,93.50289728,87.73118097,88.09886017,89.99777922,91.05295054,89.16240935,86.28912395,84.87570977,83.32153378,81.28915061,79.33257539,76.66062123,88.92632931,95.19626856,84.96568705,70.44524845,70.70247916,68.24308397,61.74326962
NAT GEO VENTURE,369358000,4,73,14,Tour,7/8/2025 21:39,794.1248722,8.769333333,122.134409,83.61808511,95.30452371,96.99703163,89.5235122,105.28345,117.2351938,119.7751913,108.7258926,96.44504881,93.45734361,92.28249449,92.08542566,92.46544817,92.52393797,93.57887835,95.06507367,95.6805651,95.17627563,93.69289264,93.20133173,92.62808838,91.75985277,91.10300772,90.04228445,89.15948814,88.33255483,88.38110301
ALASKA DREAM,368089260,NaN,NaN,NaN,Charter,7/10/2025 17:35,200.3466201,23.7,106.3991636,98.91909161,98.58165519,94.70437478,92.27887652,95.70754768,87.71940713,86.88866811,100.3263805,91.43803632,89.39831265,88.2810551,88.48242232,89.23221025,90.89356089,89.65081632,84.2433072,84.51487262,84.61587846,83.81578107,83.06289284,81.80730314,80.10837182,78.61782545,78.08957511,76.82974948,75.08206901,73.59174766
KONINGSDAM,244830547,8.2,299,40,Cruise,7/30/2025 6:55,1331.216125,16.16847458,126.4787007,115.3362433,111.2776712,109.8048629,117.8565528,123.5176573,111.3485489,108.2673264,108.4585995,105.1072429,104.2511135,104.5670236,105.3223183,106.5002352,107.1781528,106.8087323,106.9318307,106.7598234,106.2901919,105.5656885,104.7313267,103.973447,103.4317872,104.0969975,103.338854,104.45152,106.7368768,110.0268629
ADMIRALTY DREAM,367486470,2.9,39,8,Cruise,8/1/2025 2:02,786.1083754,7.549786325,113.5018971,90.80408221,94.79695649,98.41011909,103.4353076,98.39181954,105.8244163,104.5809163,103.2311786,99.91172465,97.32420261,97.4188891,99.71221164,98.5797414,94.83067231,95.34315167,98.08034265,98.50001674,96.27308874,96.33121359,96.27762306,95.98444908,95.37975971,94.89701845,94.60047042,94.77601708,95.67429724,97.5864107
NIEUW AMSTERDAM,246648000,8.1,285,32,Cruise,8/1/2025 14:14,1306.92974,15.20294118,127.1020283,118.2306321,116.4425088,114.6578486,123.2428174,118.3496422,112.3814312,114.3933881,113.9797262,107.9153436,103.8437616,103.8067663,104.114337,104.8282115,103.6749056,101.5851092,99.42739155,97.04855288,95.44085568,92.96102155,90.96407054,89.95508504,90.95270203,89.23038739,89.40171566,91.51242842,94.98650738,98.77511156
ADMIRALTY DREAM,367486470,2.9,39,8,Cruise,8/1/2025 14:33,751.6860472,9.161684783,115.9230293,109.0086911,106.6251997,106.2031889,106.3222915,104.3698964,106.9957852,105.7002631,102.4543523,99.51608398,99.95639645,97.60578575,98.62115389,94.25400302,93.20129503,92.21289284,96.05324011,93.63353442,90.20004712,88.10945025,84.97480453,83.23359771,81.87209946,80.97746095,79.98359599,83.24778365,90.65204243,82.09532968
CHICHAGOF DREAM,367645050,2.5,54,11,Cruise,8/3/2025 16:14,827.9763121,8.299507389,116.7066205,106.2402983,105.286543,102.6445429,102.4837165,106.6041837,107.9674232,103.6858417,109.6453309,99.92642225,98.19786929,105.4413784,108.4256574,98.00855348,92.62677,88.77581411,87.07689283,86.59167859,85.50316697,83.85955732,82.96030655,84.20075808,82.29545543,79.95227786,78.78954534,78.67013068,79.41812925,80.76387275
ALASKAN DREAM,367489250,1.5,30,12,Cruise,8/8/2025 19:40,585.517058,11.46917391,115.9884641,94.78088802,103.4354954,99.3478722,98.21749367,102.7360685,101.0919254,101.7458121,113.9549111,105.1548005,95.96257034,95.88476508,95.78453283,96.29964084,94.8910466,95.87773096,93.63801205,90.6412818,88.89355512,86.65911156,84.76508521,82.93616651,81.06411871,79.63284244,77.77174383,78.09289448,84.52677883,81.34696156
ALASKAN DREAM,367489250,1.5,30,12,Cruise,8/9/2025 13:07,609.6016437,13.16257282,114.5632931,100.1334168,98.634672,98.35190257,97.03715778,99.33612815,101.7090417,111.3619584,104.9604679,100.1280999,97.15594209,95.83564075,95.25959239,95.87221751,94.64894395,94.71558624,95.95674151,96.78863439,97.03236153,96.15187035,95.1106677,93.88330639,93.5855733,93.04804427,91.40369449,90.69783586,90.29783174,89.80442758
ICEFALL,338925250,0,16,4,NPS,8/9/2025 16:57,822.8626192,24.45986842,114.6235532,90.06240251,97.94905034,95.76411399,90.08023241,95.42286467,95.54825141,99.19171857,100.6823334,101.9463453,103.4255864,111.0169717,104.6664095,99.91040961,98.57255601,95.95090195,95.51228594,95.6471838,95.11495683,95.31514242,94.87715566,94.58951323,94.07449738,93.16411538,93.03436787,93.45183949,94.68191526,96.96731385
ALASKAN DREAM,367489250,1.5,30,12,Cruise,8/11/2025 13:31,747.4984314,12.05544939,112.7300034,104.5874413,103.0408878,101.569615,101.0879687,101.6125922,100.3308983,99.24707148,107.4739094,94.45457161,94.79510951,93.46328073,92.84310396,94.45503848,93.83868072,92.1870787,89.6430069,89.33481126,88.41509206,86.64433003,85.56200726,84.99222456,84.85512591,83.54431772,82.89412803,83.0164026,83.3088559,83.81803339
KONINGSDAM,244830547,8.2,299,40,Cruise,8/13/2025 15:01,1273.964861,17.29072371,124.8049637,107.9088675,118.7882826,107.4206599,120.4069092,116.1543366,108.6206058,104.1403661,102.7482353,101.204471,102.6950825,103.7468875,104.333408,104.5021239,104.6712284,104.3884341,104.7452384,105.4875182,105.1638493,104.4475142,103.7737804,103.1931514,102.9312706,102.9763522,102.3924923,103.3750189,105.4873674,108.4151943
ICEFALL,338925250,0,16,4,NPS,8/18/2025 10:43,710.6749913,18.80292659,115.9253688,98.54247866,104.7790313,102.3232826,107.6930545,100.6889306,107.8386915,108.6369055,108.5887881,100.0984938,96.39003422,99.17004164,97.58911803,96.81999745,95.48042847,94.55598704,93.95229377,93.83251964,93.83230574,93.23449687,92.80628038,92.04661684,91.2785831,90.53584187,90.36989286,90.50659108,90.89445284,92.53981919
ICEFALL,338925250,0,16,4,NPS,8/18/2025 17:04,766.6608272,27.07109375,119.0051545,100.6934166,109.1760681,102.0357069,111.6957895,105.4734609,110.1657347,114.5422767,106.7263187,103.1529745,97.86935698,93.96365032,100.9139194,102.3011576,96.37847805,91.92474308,90.22906958,86.49566369,81.91513834,77.12779739,74.08446631,68.11922297,67.09758076,62.30017451,60.16494517,60.31549342,62.62343575,65.33258318
ALASKA DREAM,368089260,NaN,NaN,NaN,Charter,8/22/2025 13:56,618.7090711,19.22073063,109.3639496,89.53901573,91.51269289,90.96860088,87.07243599,93.48030579,92.43270614,93.57008878,102.1692703,100.4276929,101.1650814,93.74325802,97.52987295,98.1536803,96.42736416,94.20596124,93.49431237,93.48978522,92.98984712,92.13159904,90.92254016,90.05695903,89.10515613,88.02481778,87.02419074,86.78963772,87.0428711,87.65445611
ADMIRALTY DREAM,367486470,2.9,39,8,Cruise,8/27/2025 6:00,776.6613312,6.541450382,119.7896879,95.96376484,119.3244018,103.5341843,102.8660304,101.1186223,97.77582553,92.94173125,96.44325325,98.72436577,98.44940738,94.56891908,94.70327532,93.19295677,90.45111817,87.49814158,87.53687493,84.26578343,82.30538701,78.38759588,74.55270083,69.34262171,71.02247719,74.47739669,80.31045026,83.52313395,80.54286737,66.31970161
ALASKAN STORY,368685000,0,30,9,Charter,8/28/2025 14:07,673.7676244,8.800241228,111.0304493,101.7725639,94.17851095,101.1651971,100.5005797,96.59967314,106.5202442,96.46297938,103.394979,89.77232926,87.71790244,91.15276901,90.34506555,92.32306219,91.13101047,88.92889641,85.86841345,85.55117174,83.94865769,81.20162148,79.2040033,77.4975505,74.97399012,73.97058321,72.38606801,71.59758325,71.17046285,71.36094863
ALASKA DREAM,368089260,NaN,8,2,Charter,9/3/2025 19:08,648.1142339,23.2962963,117.3893482,91.16533642,102.0057344,98.48083418,99.21010203,101.6168537,113.7949658,99.97651107,111.5315399,106.6749929,100.6678404,99.11294682,99.92768808,100.3321347,99.55936525,99.31687793,93.51797574,90.81961537,86.82662895,85.67965239,84.39080451,80.54563809,76.39510101,70.46987724,65.99212026,60.2740152,60.58223266,59.81027783
CARIBBEAN PRINCESS,310423000,8.7,290,36,Cruise,9/4/2025 14:10,1316.066857,20.21054545,126.7757945,116.8976478,121.0437739,118.5544984,117.676495,115.371809,114.7065467,113.7022034,112.5471736,108.677173,107.3793708,107.739487,109.1179213,109.885501,108.9056206,108.6457107,107.2847013,105.4069221,102.6574741,98.55788103,94.55551092,89.26864741,84.13996142,83.03832589,84.51651097,86.74649676,90.51700747,95.88107401
DREAM II,368089270,NaN,NaN,NaN,Charter,9/8/2025 15:43,775.766829,20.58222222,115.532926,93.74249279,98.18800706,96.32417933,95.77844068,101.6700322,98.45579188,95.5025421,110.0531903,111.4034509,104.7539739,99.72199632,100.1522634,99.51106875,98.8959374,96.21106345,93.11379721,90.6983467,88.1540519,86.79098325,84.83365293,82.01449292,80.23191891,79.8541406,78.97207259,78.42693981,79.36341558,80.60566629
DREAM II,368089270,NaN,NaN,NaN,Charter,9/10/2025 11:51,765.5103771,21.04409639,114.2786046,100.4090266,98.45619703,96.63525096,95.60351844,97.45250544,96.33587853,97.41485082,102.3792293,97.05653112,97.46233021,96.99881065,97.75009027,98.47877169,99.69401601,100.0409967,100.592788,101.3027089,101.5969862,101.5741768,101.1927611,101.2136051,101.1923846,100.4374508,100.1401428,100.4548671,101.192042,103.3991021
DREAM II,368089270,NaN,NaN,NaN,Charter,9/10/2025 14:38,716.7306604,13.86423077,119.520452,92.34925338,118.4249466,97.28804346,95.07462073,96.92882843,99.74566748,105.6436239,101.086618,102.8039775,96.95807858,95.80685547,98.64240168,99.37697262,99.0784526,98.3972572,98.30104589,98.16231893,97.7649076,97.47479064,97.03859492,97.14221201,97.21921066,96.69016581,96.1731036,96.36152977,97.10845789,99.02320611
ARETE,366991452,0.9,8,3,NPS,9/11/2025 15:25,823.4982606,23.29168174,120.4981746,100.9904014,100.1556311,101.2810565,102.3857804,103.5173967,111.0380484,105.901619,109.0882057,117.5946443,103.0282822,100.3334849,111.436898,103.8473934,100.7527225,98.96488008,95.73220296,93.55368462,92.33589801,89.34492792,87.25601646,84.150196,76.60231292,77.78595353,77.39861409,72.88527433,66.42680681,-10.30361226
ARETE,366991452,0.9,8,3,NPS,9/11/2025 15:39,795.4427513,13.25420396,127.5654441,85.24313252,96.96280806,97.59513597,102.4823863,101.8745747,99.95436603,110.0835692,127.3646669,101.0203756,99.61462415,103.723176,100.1516773,104.6286741,96.46583072,95.90765721,95.09461546,94.0798174,92.45024553,89.13438656,84.86536397,78.92783815,73.87980832,73.22015509,73.63050168,68.29265861,66.56488716,-11.14842823
NIEUW AMSTERDAM,246648000,8.1,285,32,Cruise,9/12/2025 14:15,1244.745982,18.34006057,130.7590149,116.7144718,126.6273515,123.6542466,122.9372675,121.314816,113.772103,113.2235373,110.0936038,105.1101308,103.7693618,105.1172941,106.373562,107.08397,106.5944312,106.0656343,106.4751032,106.7988359,106.7348556,105.9575511,105.0361814,103.7466535,103.0437989,102.4830547,102.3203676,102.5884525,104.0492538,106.8114502
ARETE,366991452,0.9,8,3,NPS,9/12/2025 16:21,501.2137359,23.98672986,119.7647709,104.1768825,101.8342881,100.1442931,101.9104615,103.5457022,107.105045,103.6940472,107.5759027,118.0401955,101.3795237,97.82175881,105.0510271,100.6601687,98.07928148,98.6286433,94.54985719,93.48063544,92.95425823,90.9169016,89.35711468,88.94909808,85.87630821,84.82307711,83.614014,82.87137268,82.61268444,82.5825083
ZAANDAM,246442000,8.1,238,33,Cruise,9/14/2025 14:59,1047.111424,16.41904762,126.9191506,119.1028377,120.5820998,116.5138976,121.0468594,115.6238516,113.5541854,114.0554797,111.9239578,105.9390659,101.4694698,99.88535812,98.44820977,98.77673699,99.68395154,101.1034796,102.5965401,103.0169643,102.5345488,101.5981946,101.0653751,100.0580707,99.11828053,98.51063198,97.9518999,97.91205723,98.74676902,100.6426388
